id,rt,rt_range:min,rt_range:max,mz,mz_range:min,mz_range:max,height,area,intensity_range:min,intensity_range:max,fragment_scans,datafile:DOM_Interlab-LCMS_Lab15_PPL_Pos_MS2.mzML:feature_state,datafile:DOM_Interlab-LCMS_Lab15_PPL_Pos_MS2.mzML:mz,datafile:DOM_Interlab-LCMS_Lab15_PPL_Pos_MS2.mzML:mz_range:min,datafile:DOM_Interlab-LCMS_Lab15_PPL_Pos_MS2.mzML:mz_range:max,datafile:DOM_Interlab-LCMS_Lab15_PPL_Pos_MS2.mzML:rt,datafile:DOM_Interlab-LCMS_Lab15_PPL_Pos_MS2.mzML:rt_range:min,datafile:DOM_Interlab-LCMS_Lab15_PPL_Pos_MS2.mzML:rt_range:max,datafile:DOM_Interlab-LCMS_Lab15_PPL_Pos_MS2.mzML:height,datafile:DOM_Interlab-LCMS_Lab15_PPL_Pos_MS2.mzML:area,datafile:DOM_Interlab-LCMS_Lab15_PPL_Pos_MS2.mzML:intensity_range:min,datafile:DOM_Interlab-LCMS_Lab15_PPL_Pos_MS2.mzML:intensity_range:max,datafile:DOM_Interlab-LCMS_Lab15_PPL_Pos_MS2.mzML:fwhm,datafile:DOM_Interlab-LCMS_Lab15_PPL_Pos_MS2.mzML:tailing_factor,datafile:DOM_Interlab-LCMS_Lab15_PPL_Pos_MS2.mzML:asymmetry_factor,datafile:DOM_Interlab-LCMS_Lab15_PPL_Pos_MS2.mzML:fragment_scans
1,0.0266,0.0131,0.0913,305.89956,305.89944,305.89972,6.766E5,2.446E4,1.917E5,6.766E5,1,DETECTED,305.89956,305.89944,305.89972,0.0266,0.0131,0.0913,6.766E5,2.446E4,1.917E5,6.766E5,0.0329,2.9074,4.8148,1
2,0.0266,0.0131,16.1693,328.91548,328.9151,328.91571,9.717E5,5.299E4,1.078E5,9.717E5,1,DETECTED,328.91548,328.9151,328.91571,0.0266,0.0131,16.1693,9.717E5,5.299E4,1.078E5,9.717E5,0.0352,601.1843,4.9994,1
3,0.7277,0.6795,15.9629,226.95116,226.95107,226.95137,3.769E6,2.348E5,2.24E5,3.769E6,0,DETECTED,226.95116,226.95107,226.95137,0.7277,0.6795,15.9629,3.769E6,2.348E5,2.24E5,3.769E6,15.8623,158.1518,314.8822,
4,0.7277,0.6795,15.9853,430.91357,430.9133,430.91397,1.028E7,6.94E5,1.933E5,1.028E7,0,DETECTED,430.91357,430.9133,430.91397,0.7277,0.6795,15.9853,1.028E7,6.94E5,1.933E5,1.028E7,15.3148,158.1497,315.0503,
5,0.7277,0.6795,15.9853,498.90074,498.90036,498.90121,7.64E6,5.028E5,1.037E5,7.64E6,0,DETECTED,498.90074,498.90036,498.90121,0.7277,0.6795,15.9853,7.64E6,5.028E5,1.037E5,7.64E6,15.2142,158.1311,315.0445,
6,0.7277,0.6795,15.9853,566.88815,566.88782,566.88867,9.401E6,5.735E5,1.105E5,9.401E6,0,DETECTED,566.88815,566.88782,566.88867,0.7277,0.6795,15.9853,9.401E6,5.735E5,1.105E5,9.401E6,15.2351,158.0974,314.8701,
7,0.7277,0.6795,15.9853,634.87536,634.875,634.87579,1.259E7,7.258E5,1.067E5,1.259E7,0,DETECTED,634.87536,634.875,634.87579,0.7277,0.6795,15.9853,1.259E7,7.258E5,1.067E5,1.259E7,15.2375,158.0656,314.7861,
8,0.7277,0.6795,15.9629,702.86255,702.8623,702.86304,1.441E7,8.037E5,3.94E5,1.441E7,1,DETECTED,702.86255,702.8623,702.86304,0.7277,0.6795,15.9629,1.441E7,8.037E5,3.94E5,1.441E7,15.2596,158.0183,313.4194,1
9,0.7277,0.6795,15.9629,770.84987,770.84949,770.85034,1.348E7,7.321E5,3.298E5,1.348E7,1,DETECTED,770.84987,770.84949,770.85034,0.7277,0.6795,15.9629,1.348E7,7.321E5,3.298E5,1.348E7,15.2549,157.9443,313.4943,1
10,0.7277,0.6795,15.9629,838.83708,838.83679,838.83789,1.215E7,6.44E5,2.408E5,1.215E7,0,DETECTED,838.83708,838.83679,838.83789,0.7277,0.6795,15.9629,1.215E7,6.44E5,2.408E5,1.215E7,15.2376,157.9283,313.5335,
11,0.7277,0.6795,15.9629,906.82438,906.8241,906.8252,9.606E6,5.234E5,2.252E5,9.606E6,0,DETECTED,906.82438,906.8241,906.8252,0.7277,0.6795,15.9629,9.606E6,5.234E5,2.252E5,9.606E6,15.2311,157.9291,313.5164,
12,0.7981,0.0073,16.9966,194.11771,194.11722,194.11797,9.228E6,3.522E6,1.003E5,9.228E6,124,DETECTED,194.11771,194.11722,194.11797,0.7981,0.0073,16.9966,9.228E6,3.522E6,1.003E5,9.228E6,22.3912,0.5234,11.8456,124
13,0.9221,0.7981,1.264,153.9978,153.9977,153.99789,5.803E5,1.29E5,1.108E5,5.803E5,4,DETECTED,153.9978,153.9977,153.99789,0.9221,0.7981,1.264,5.803E5,1.29E5,1.108E5,5.803E5,0.2463,1.8787,2.8113,4
14,1.0133,0.0073,16.9966,224.12827,224.12782,224.12852,3.147E6,3.918E6,1.001E5,3.147E6,122,DETECTED,224.12827,224.12782,224.12852,1.0133,0.0073,16.9966,3.147E6,3.918E6,1.001E5,3.147E6,6.2173,5.9963,20.1118,122
15,1.6363,0.0448,15.9149,217.1056,217.10445,217.10712,6.343E5,1.244E5,1.025E5,6.343E5,58,DETECTED,217.1056,217.10445,217.10712,1.6363,0.0448,15.9149,6.343E5,1.244E5,1.025E5,6.343E5,0.1113,4.9858,2.213,58
16,1.7104,1.561,1.8587,214.10741,214.10733,214.10748,1.261E6,1.686E5,1.008E5,1.261E6,3,DETECTED,214.10741,214.10733,214.10748,1.7104,1.561,1.8587,1.261E6,1.686E5,1.008E5,1.261E6,0.1222,0.9799,0.7459,3
17,4.5056,4.4356,13.5611,283.17521,283.17493,283.17548,1.814E6,2.054E5,1.117E5,1.814E6,2,DETECTED,283.17521,283.17493,283.17548,4.5056,4.4356,13.5611,1.814E6,2.054E5,1.117E5,1.814E6,0.0606,62.687,123.1929,2
18,5.1199,4.862,5.415,328.15448,328.15433,328.15466,1.355E7,1.022E6,1.104E5,1.355E7,6,DETECTED,328.15448,328.15433,328.15466,5.1199,4.862,5.415,1.355E7,1.022E6,1.104E5,1.355E7,0.059,0.6336,0.1027,6
19,5.1199,5.0234,5.2178,329.15773,329.15765,329.15787,2.725E6,1.893E5,1.373E5,2.725E6,0,DETECTED,329.15773,329.15765,329.15787,5.1199,5.0234,5.2178,2.725E6,1.893E5,1.373E5,2.725E6,0.06,0.8718,0.6251,
20,5.7356,5.4659,6.2982,262.1186,262.11847,262.11893,4.554E7,2.794E6,1.038E5,4.554E7,9,DETECTED,262.1186,262.11847,262.11893,5.7356,5.4659,6.2982,4.554E7,2.794E6,1.038E5,4.554E7,0.0462,1.6001,1.5031,9
21,5.7356,5.6629,6.0752,263.12192,263.1218,263.12225,6.455E6,3.689E5,1.07E5,6.455E6,0,DETECTED,263.12192,263.1218,263.12225,5.7356,5.6629,6.0752,6.455E6,3.689E5,1.07E5,6.455E6,0.0464,1.6302,1.4689,
22,6.6177,6.5446,6.9918,370.16507,370.16467,370.1655,3.482E7,2.109E6,1.097E5,3.482E7,4,DETECTED,370.16507,370.16467,370.1655,6.6177,6.5446,6.9918,3.482E7,2.109E6,1.097E5,3.482E7,0.0502,1.4209,1.413,4
23,6.6177,6.5691,6.8944,371.16826,371.16779,371.16882,7.961E6,4.813E5,1.387E5,7.961E6,0,DETECTED,371.16826,371.16779,371.16882,6.6177,6.5691,6.8944,7.961E6,4.813E5,1.387E5,7.961E6,0.0516,1.3822,1.296,
24,6.8521,0.7714,7.111,182.11758,182.11752,182.11775,2.945E6,2.454E5,1.013E5,2.945E6,4,DETECTED,182.11758,182.11752,182.11775,6.8521,0.7714,7.111,2.945E6,2.454E5,1.013E5,2.945E6,6.1908,0.5121,0.0157,4
25,6.8521,6.7812,15.894,304.15442,304.15414,304.15479,6.778E7,5.924E6,1.029E5,6.778E7,11,DETECTED,304.15442,304.15414,304.15479,6.8521,6.7812,15.894,6.778E7,5.924E6,1.029E5,6.778E7,0.131,2.2472,2.5478,11
26,6.8521,4.4356,7.2595,305.15765,305.15726,305.15814,1.287E7,1.142E6,1.112E5,1.287E7,1,DETECTED,305.15765,305.15726,305.15814,6.8521,4.4356,7.2595,1.287E7,1.142E6,1.112E5,1.287E7,0.1391,0.5324,0.0451,1
27,6.8521,6.8075,6.9918,306.16016,306.16006,306.16055,1.41E6,1.078E5,1.136E5,1.41E6,0,DETECTED,306.16016,306.16006,306.16055,6.8521,6.8075,6.9918,1.41E6,1.078E5,1.136E5,1.41E6,0.1257,1.993,2.4017,
28,7.4078,7.358,7.5295,214.11225,214.11223,214.11234,1.818E6,1.117E5,1.458E5,1.818E6,1,DETECTED,214.11225,214.11223,214.11234,7.4078,7.358,7.5295,1.818E6,1.117E5,1.458E5,1.818E6,0.054,1.6331,1.7517,1
29,8.1511,8.1017,10.6027,167.08576,167.08568,167.08582,1.501E6,1.855E5,1.062E5,1.501E6,5,DETECTED,167.08576,167.08568,167.08582,8.1511,8.1017,10.6027,1.501E6,1.855E5,1.062E5,1.501E6,0.2372,22.7468,48.4528,5
30,8.7418,6.1497,8.936,270.13854,270.13837,270.13864,7.532E6,4.004E5,1.057E5,7.532E6,3,DETECTED,270.13854,270.13837,270.13864,8.7418,6.1497,8.936,7.532E6,4.004E5,1.057E5,7.532E6,0.0361,0.517,2.5954,3
31,9.4246,9.3809,9.5569,199.08408,199.08398,199.08423,1.094E6,7.802E4,1.032E5,1.094E6,0,DETECTED,199.08408,199.08398,199.08423,9.4246,9.3809,9.5569,1.094E6,7.802E4,1.032E5,1.094E6,0.0579,1.98,4.7029,
32,9.4496,9.3809,9.9395,198.08083,198.08076,198.08113,1.5E7,1.176E6,1.246E5,1.5E7,5,DETECTED,198.08083,198.08076,198.08113,9.4496,9.3809,9.9395,1.5E7,1.176E6,1.246E5,1.5E7,0.0577,1.4349,1.7487,5
33,9.4496,9.3542,10.3552,254.14345,254.14336,254.14386,1.042E8,8.717E6,1.03E5,1.042E8,8,DETECTED,254.14345,254.14336,254.14386,9.4496,9.3542,10.3552,1.042E8,8.717E6,1.03E5,1.042E8,0.0653,1.6267,1.8072,8
34,9.4496,9.3809,9.9395,255.1469,255.14682,255.14732,1.178E7,9.806E5,1.06E5,1.178E7,0,DETECTED,255.1469,255.14682,255.14732,9.4496,9.3809,9.9395,1.178E7,9.806E5,1.06E5,1.178E7,0.0656,1.4933,1.7846,
35,9.4496,9.3809,9.8185,256.13899,256.13892,256.13931,5.021E6,3.809E5,1.025E5,5.021E6,0,DETECTED,256.13899,256.13892,256.13931,9.4496,9.3809,9.8185,5.021E6,3.809E5,1.025E5,5.021E6,0.0576,1.4657,1.7422,
36,9.8428,0.0073,15.8509,158.15402,158.15381,158.15424,1.008E7,2.956E6,1.002E5,1.008E7,93,DETECTED,158.15402,158.15381,158.15424,9.8428,0.0073,15.8509,1.008E7,2.956E6,1.002E5,1.008E7,0.0657,22.6124,3.0436,93
37,10.2814,10.2358,10.4307,309.1313,309.1312,309.13144,4.698E6,2.166E5,1.237E5,4.698E6,2,DETECTED,309.1313,309.1312,309.13144,10.2814,10.2358,10.4307,4.698E6,2.166E5,1.237E5,4.698E6,0.036,1.309,1.4168,2
38,10.6027,10.5539,12.0512,209.15391,209.15366,209.15402,9.827E5,1.62E5,1.006E5,9.827E5,8,DETECTED,209.15391,209.15366,209.15402,10.6027,10.5539,12.0512,9.827E5,1.62E5,1.006E5,9.827E5,0.0941,15.3417,7.6633,8
39,11.2249,11.1749,11.6332,165.0546,165.05455,165.05481,7.714E6,3.39E5,1.009E5,7.714E6,3,DETECTED,165.0546,165.05455,165.05481,11.2249,11.1749,11.6332,7.714E6,3.39E5,1.009E5,7.714E6,0.0296,8.041,2.7776,3
40,11.2249,11.1749,11.7322,333.18093,333.18079,333.18146,7.072E7,3.078E6,1.155E5,7.072E7,5,DETECTED,333.18093,333.18079,333.18146,11.2249,11.1749,11.7322,7.072E7,3.078E6,1.155E5,7.072E7,0.0295,3.7122,2.8023,5
41,11.2249,11.1749,11.6072,334.18424,334.18408,334.18484,1.377E7,5.94E5,1.161E5,1.377E7,0,DETECTED,334.18424,334.18408,334.18484,11.2249,11.1749,11.6072,1.377E7,5.94E5,1.161E5,1.377E7,0.0295,4.0717,2.8038,
42,11.2249,11.1749,11.5828,355.16284,355.16269,355.16339,1.1E7,4.824E5,1.013E5,1.1E7,2,DETECTED,355.16284,355.16269,355.16339,11.2249,11.1749,11.5828,1.1E7,4.824E5,1.013E5,1.1E7,0.0296,2.3073,2.86,2
43,11.3884,11.2249,15.8509,252.11504,252.11476,252.11534,3.505E6,2.803E6,1.042E5,3.505E6,0,DETECTED,252.11504,252.11476,252.11534,11.3884,11.2249,15.8509,3.505E6,2.803E6,1.042E5,3.505E6,0.0706,47.6498,18.7365,
44,11.3884,11.3413,15.8059,254.11203,254.11174,254.11227,1.184E6,8.831E5,1.025E5,1.184E6,0,DETECTED,254.11203,254.11174,254.11227,11.3884,11.3413,15.8059,1.184E6,8.831E5,1.025E5,1.184E6,0.0652,8.6314,18.5372,
45,11.3884,11.2926,15.8509,284.14128,284.14093,284.14169,2.927E6,2.237E6,1.041E5,2.927E6,0,DETECTED,284.14128,284.14093,284.14169,11.3884,11.2926,15.8509,2.927E6,2.237E6,1.041E5,2.927E6,0.0726,47.4943,105.3277,
46,11.3884,11.3413,15.8059,286.13828,286.13794,286.13855,9.733E5,6.657E5,1.006E5,9.733E5,0,DETECTED,286.13828,286.13794,286.13855,11.3884,11.3413,15.8059,9.733E5,6.657E5,1.006E5,9.733E5,0.0693,47.4223,93.4557,
47,11.5599,11.5114,11.6817,428.21936,428.21927,428.21948,1.46E6,1.026E5,1.654E5,1.46E6,1,DETECTED,428.21936,428.21927,428.21948,11.5599,11.5114,11.6817,1.46E6,1.026E5,1.654E5,1.46E6,0.0647,1.7566,2.0928,1
48,11.6572,11.5828,16.1006,270.31562,270.31519,270.31583,1.734E6,4.301E5,1.003E5,1.734E6,6,DETECTED,270.31562,270.31519,270.31583,11.6572,11.5828,16.1006,1.734E6,4.301E5,1.003E5,1.734E6,0.1091,12.0604,19.0594,6
49,11.6817,11.6332,11.832,200.20103,200.20099,200.20108,1.179E6,8.16E4,1.11E5,1.179E6,2,DETECTED,200.20103,200.20099,200.20108,11.6817,11.6332,11.832,1.179E6,8.16E4,1.11E5,1.179E6,0.0543,2.0952,2.5176,2
50,11.9774,11.832,12.3543,235.16943,235.16934,235.16951,2.147E6,1.559E5,1.048E5,2.147E6,2,DETECTED,235.16943,235.16934,235.16951,11.9774,11.832,12.3543,2.147E6,1.559E5,1.048E5,2.147E6,0.0367,1.9537,4.8338,2
51,12.0013,11.7322,12.1445,317.05384,317.05371,317.05396,1.654E6,1.27E5,1.118E5,1.654E6,0,DETECTED,317.05384,317.05371,317.05396,12.0013,11.7322,12.1445,1.654E6,1.27E5,1.118E5,1.654E6,0.2359,0.7422,0.604,
52,12.0013,11.7322,12.1445,319.05174,319.05167,319.05191,1.635E6,1.291E5,1.074E5,1.635E6,1,DETECTED,319.05174,319.05167,319.05191,12.0013,11.7322,12.1445,1.635E6,1.291E5,1.074E5,1.635E6,0.9108,0.9746,0.5992,1
53,12.1917,11.9774,12.3318,365.13628,365.13608,365.13638,2.682E6,2.278E5,1.475E5,2.682E6,3,DETECTED,365.13628,365.13608,365.13638,12.1917,11.9774,12.3318,2.682E6,2.278E5,1.475E5,2.682E6,0.0431,1.1521,0.3735,3
54,12.2173,8.9871,15.9853,219.17456,219.17416,219.17482,1.222E6,3.255E5,1E5,1.222E6,21,DETECTED,219.17456,219.17416,219.17482,12.2173,8.9871,15.9853,1.222E6,3.255E5,1E5,1.222E6,1.7899,8.3179,0.1106,21
55,12.2384,12.0746,12.5654,357.14715,357.14697,357.14731,6.13E5,1.612E5,1.07E5,6.13E5,3,DETECTED,357.14715,357.14697,357.14731,12.2384,12.0746,12.5654,6.13E5,1.612E5,1.07E5,6.13E5,0.3543,1.498,3.0389,3
56,12.3318,10.6294,16.1449,539.28858,539.2876,539.28949,8.068E5,1.279E6,1.042E5,8.068E5,24,DETECTED,539.28858,539.2876,539.28949,12.3318,10.6294,16.1449,8.068E5,1.279E6,1.042E5,8.068E5,4.774,1.62,0.5169,24
57,12.3543,10.7756,16.1449,313.27376,313.27316,313.2742,6.051E5,9.563E5,1.001E5,6.051E5,20,DETECTED,313.27376,313.27316,313.2742,12.3543,10.7756,16.1449,6.051E5,9.563E5,1.001E5,6.051E5,4.5619,1.7005,0.4968,20
58,12.3798,4.9241,12.812,190.04988,190.04965,190.05003,6.076E6,3.715E5,1.045E5,6.076E6,3,DETECTED,190.04988,190.04965,190.05003,12.3798,4.9241,12.812,6.076E6,3.715E5,1.045E5,6.076E6,0.0355,4.2812,3.6041,3
59,12.5418,12.4255,13.1956,228.23221,228.23201,228.2323,5.843E5,1.412E5,1.04E5,5.843E5,1,DETECTED,228.23221,228.23201,228.2323,12.5418,12.4255,13.1956,5.843E5,1.412E5,1.04E5,5.843E5,0.4271,3.3094,6.8325,1
60,12.5418,12.4721,13.9023,609.33949,609.3385,609.33972,1.573E6,3.237E5,1.002E5,1.573E6,4,DETECTED,609.33949,609.3385,609.33972,12.5418,12.4721,13.9023,1.573E6,3.237E5,1.002E5,1.573E6,0.2895,4.0055,6.1165,4
61,12.5418,12.2384,12.7909,644.49392,644.49341,644.49438,7.281E5,1.049E5,1.069E5,7.281E5,2,DETECTED,644.49392,644.49341,644.49438,12.5418,12.2384,12.7909,7.281E5,1.049E5,1.069E5,7.281E5,0.1327,0.9105,1.0533,2
62,12.5418,10.4804,16.1449,817.50981,817.50903,817.51117,2.478E6,5.581E6,1.024E5,2.478E6,55,DETECTED,817.50981,817.50903,817.51117,12.5418,10.4804,16.1449,2.478E6,5.581E6,1.024E5,2.478E6,3.9527,1.4386,2.2551,55
63,12.5654,12.2854,12.9659,345.08488,345.08466,345.08499,3.323E6,3.928E5,1.273E5,3.323E6,0,DETECTED,345.08488,345.08466,345.08499,12.5654,12.2854,12.9659,3.323E6,3.928E5,1.273E5,3.323E6,0.0357,0.6767,7.374,
64,12.5654,12.2854,12.9659,347.08274,347.08252,347.08286,3.259E6,3.874E5,1.102E5,3.259E6,1,DETECTED,347.08274,347.08252,347.08286,12.5654,12.2854,12.9659,3.259E6,3.874E5,1.102E5,3.259E6,0.0356,1.1992,5.5353,1
65,12.5654,10.8513,16.1232,381.32958,381.32886,381.33029,6.235E5,1.038E6,1.001E5,6.235E5,20,DETECTED,381.32958,381.32886,381.33029,12.5654,10.8513,16.1232,6.235E5,1.038E6,1.001E5,6.235E5,4.1931,1.5378,0.9927,20
66,12.5884,12.5418,13.0733,274.15893,274.15869,274.15903,1.264E6,1.312E5,1.056E5,1.264E6,1,DETECTED,274.15893,274.15869,274.15903,12.5884,12.5418,13.0733,1.264E6,1.312E5,1.056E5,1.264E6,0.0377,5.4333,6.74,1
67,12.5884,12.2384,13.2195,600.4678,600.46735,600.46857,1.863E6,3E5,1.025E5,1.863E6,2,DETECTED,600.4678,600.46735,600.46857,12.5884,12.2384,13.2195,1.863E6,3E5,1.025E5,1.863E6,0.1455,5.1298,1.1468,2
68,12.6094,12.2384,14.8836,556.44189,556.44116,556.44238,2.854E6,5.994E5,1.001E5,2.854E6,3,DETECTED,556.44189,556.44116,556.44238,12.6094,12.2384,14.8836,2.854E6,5.994E5,1.001E5,2.854E6,0.0729,1.6835,1.1823,3
69,12.6094,12.5654,12.9189,557.44521,557.44489,557.44543,8.549E5,1.095E5,1.038E5,8.549E5,0,DETECTED,557.44521,557.44489,557.44543,12.6094,12.5654,12.9189,8.549E5,1.095E5,1.038E5,8.549E5,0.1405,4.0206,23.204,
70,12.6551,12.2614,15.7372,512.41584,512.41547,512.41632,4.293E6,1.09E6,1.009E5,4.293E6,6,DETECTED,512.41584,512.41547,512.41632,12.6551,12.2614,15.7372,4.293E6,1.09E6,1.009E5,4.293E6,0.0939,4.7335,0.7753,6
71,12.6551,12.3543,13.0879,513.41917,513.41852,513.41943,1.212E6,1.743E5,1.005E5,1.212E6,0,DETECTED,513.41917,513.41852,513.41943,12.6551,12.3543,13.0879,1.212E6,1.743E5,1.005E5,1.212E6,0.0741,0.8736,1.5221,
72,12.6551,12.6094,12.8548,517.37106,517.37085,517.37122,6.822E5,6.922E4,1.379E5,6.822E5,1,DETECTED,517.37106,517.37085,517.37122,12.6551,12.6094,12.8548,6.822E5,6.922E4,1.379E5,6.822E5,0.0683,2.6844,4.3689,1
73,12.6765,12.3094,15.7372,468.38956,468.3891,468.39014,4.192E6,1.125E6,1.03E5,4.192E6,18,DETECTED,468.38956,468.3891,468.39014,12.6765,12.3094,15.7372,4.192E6,1.125E6,1.03E5,4.192E6,0.0761,3.132,9.02,18
74,12.6765,12.6094,13.0879,469.39285,469.39236,469.39316,1.206E6,1.54E5,1.027E5,1.206E6,0,DETECTED,469.39285,469.39236,469.39316,12.6765,12.6094,13.0879,1.206E6,1.54E5,1.027E5,1.206E6,0.0681,3.3703,9.0904,
75,12.6765,12.3798,15.9149,473.34479,473.34448,473.34521,1.126E6,2.032E5,1.053E5,1.126E6,2,DETECTED,473.34479,473.34448,473.34521,12.6765,12.3798,15.9149,1.126E6,2.032E5,1.053E5,1.126E6,0.117,4.8433,1.3656,2
76,12.7009,12.3318,15.5508,424.36317,424.36285,424.36362,2.981E6,7.882E5,1.005E5,2.981E6,4,DETECTED,424.36317,424.36285,424.36362,12.7009,12.3318,15.5508,2.981E6,7.882E5,1.005E5,2.981E6,0.1319,6.8702,1.4261,4
77,12.7009,12.6551,12.9408,425.36668,425.36636,425.36716,6.813E5,8.281E4,1.049E5,6.813E5,0,DETECTED,425.36668,425.36636,425.36716,12.7009,12.6551,12.9408,6.813E5,8.281E4,1.049E5,6.813E5,0.0653,3.1184,5.2401,
78,12.7224,12.3094,15.9361,429.31867,429.31836,429.31912,2.42E6,4.354E5,1.002E5,2.42E6,3,DETECTED,429.31867,429.31836,429.31912,12.7224,12.3094,15.9361,2.42E6,4.354E5,1.002E5,2.42E6,0.1257,14.2441,3.9919,3
79,12.7224,10.8513,16.1006,818.51315,818.51239,818.5163,1.126E6,2.513E6,1.047E5,1.126E6,0,DETECTED,818.51315,818.51239,818.5163,12.7224,10.8513,16.1006,1.126E6,2.513E6,1.047E5,1.126E6,3.8061,1.3537,1.8591,
80,12.8314,12.7665,12.9408,340.28456,340.28427,340.28461,7.431E5,5.503E4,1.252E5,7.431E5,1,DETECTED,340.28456,340.28427,340.28461,12.8314,12.7665,12.9408,7.431E5,5.503E4,1.252E5,7.431E5,0.4904,1.3421,17.5351,1
81,12.8314,12.7009,13.315,350.32635,350.32617,350.32654,5.566E5,1.539E5,1.046E5,5.566E5,1,DETECTED,350.32635,350.32617,350.32654,12.8314,12.7009,13.315,5.566E5,1.539E5,1.046E5,5.566E5,0.2023,2.3527,3.07,1
82,12.8314,12.6094,15.894,355.28177,355.28159,355.28198,2.544E6,6.692E5,1.002E5,2.544E6,5,DETECTED,355.28177,355.28159,355.28198,12.8314,12.6094,15.894,2.544E6,6.692E5,1.002E5,2.544E6,0.4021,2.0071,3.0308,5
83,12.8314,12.7009,13.2195,356.28515,356.28497,356.28543,5.224E5,1.098E5,1.107E5,5.224E5,0,DETECTED,356.28515,356.28497,356.28543,12.8314,12.7009,13.2195,5.224E5,1.098E5,1.107E5,5.224E5,0.1435,1.987,2.9739,
84,12.8314,12.6551,13.5386,377.32606,377.32581,377.32632,1.169E6,3.617E5,1.035E5,1.169E6,4,DETECTED,377.32606,377.32581,377.32632,12.8314,12.6551,13.5386,1.169E6,3.617E5,1.035E5,1.169E6,0.3329,2.4116,3.6748,4
85,12.8548,11.202,13.315,333.29978,333.29849,333.29999,1.386E6,2.972E5,1.105E5,1.386E6,3,DETECTED,333.29978,333.29849,333.29999,12.8548,11.202,13.315,1.386E6,2.972E5,1.105E5,1.386E6,0.1586,0.6173,1.4458,3
86,12.8548,12.3543,13.2195,363.31038,363.31018,363.31058,1.458E6,1.868E5,1.008E5,1.458E6,2,DETECTED,363.31038,363.31018,363.31058,12.8548,12.3543,13.2195,1.458E6,1.868E5,1.008E5,1.458E6,0.0383,0.697,0.3712,2
87,12.8548,12.3798,13.5144,380.337,380.33676,380.33743,1.159E6,2.447E5,1.01E5,1.159E6,2,DETECTED,380.337,380.33676,380.33743,12.8548,12.3798,13.5144,1.159E6,2.447E5,1.01E5,1.159E6,0.0458,1.6745,0.795,2
88,12.8548,12.3543,15.9361,385.29238,385.29208,385.29276,1.623E6,3.381E5,1.006E5,1.623E6,4,DETECTED,385.29238,385.29208,385.29276,12.8548,12.3543,15.9361,1.623E6,3.381E5,1.006E5,1.623E6,0.0495,0.9473,0.8708,4
89,12.8743,12.4035,13.0119,319.2843,319.28415,319.28448,1.235E6,1.367E5,1.033E5,1.235E6,2,DETECTED,319.2843,319.28415,319.28448,12.8743,12.4035,13.0119,1.235E6,1.367E5,1.033E5,1.235E6,0.4237,0.8269,2.8077,2
90,12.8743,12.3543,13.2195,341.26627,341.26605,341.26648,2.208E6,3.954E5,1.066E5,2.208E6,4,DETECTED,341.26627,341.26605,341.26648,12.8743,12.3543,13.2195,2.208E6,3.954E5,1.066E5,2.208E6,0.1517,0.8179,0.2634,4
91,12.8964,10.1373,16.1904,812.55467,812.55347,812.55585,3.874E6,9.946E6,1.042E5,3.874E6,60,DETECTED,812.55467,812.55347,812.55585,12.8964,10.1373,16.1904,3.874E6,9.946E6,1.042E5,3.874E6,1.6557,1.1679,1.6077,60
92,12.8964,10.5539,16.0769,813.55776,813.55695,813.55908,1.791E6,4.49E6,1.078E5,1.791E6,0,DETECTED,813.55776,813.55695,813.55908,12.8964,10.5539,16.0769,1.791E6,4.49E6,1.078E5,1.791E6,1.5588,1.1778,1.7042,
93,12.8964,11.126,15.8509,814.55888,814.55798,814.56024,5.913E5,1.404E6,1.03E5,5.913E5,0,DETECTED,814.55888,814.55798,814.56024,12.8964,11.126,15.8509,5.913E5,1.404E6,1.03E5,5.913E5,1.5147,1.3344,1.5715,
94,12.9659,12.4959,13.3572,658.50927,658.50879,658.50977,1.146E6,2.612E5,1.01E5,1.146E6,2,DETECTED,658.50927,658.50879,658.50977,12.9659,12.4959,13.3572,1.146E6,2.612E5,1.01E5,1.146E6,0.3541,0.9929,0.4707,2
95,12.9884,12.4959,14.8343,614.4834,614.48303,614.48401,2.895E6,5.839E5,1.007E5,2.895E6,4,DETECTED,614.4834,614.48303,614.48401,12.9884,12.4959,14.8343,2.895E6,5.839E5,1.007E5,2.895E6,0.0812,1.1002,2.8301,4
96,12.9884,12.5654,13.2195,615.48674,615.48633,615.48718,1.034E6,1.613E5,1.006E5,1.034E6,0,DETECTED,615.48674,615.48633,615.48718,12.9884,12.5654,13.2195,1.034E6,1.613E5,1.006E5,1.034E6,0.0812,0.7327,2.9597,
97,13.0119,12.4959,15.761,570.45734,570.45685,570.45782,5.136E6,1.235E6,1.023E5,5.136E6,15,DETECTED,570.45734,570.45685,570.45782,13.0119,12.4959,15.761,5.136E6,1.235E6,1.023E5,5.136E6,0.0963,1.1129,1.411,15
98,13.0119,12.5654,13.5386,571.46062,571.46027,571.46118,1.645E6,2.822E5,1.023E5,1.645E6,0,DETECTED,571.46062,571.46027,571.46118,13.0119,12.5654,13.5386,1.645E6,2.822E5,1.023E5,1.645E6,0.0939,0.9825,1.2522,
99,13.036,12.9884,13.5611,414.3576,414.35748,414.35803,3.362E6,2.585E5,1.041E5,3.362E6,2,DETECTED,414.3576,414.35748,414.35803,13.036,12.9884,13.5611,3.362E6,2.585E5,1.041E5,3.362E6,0.0475,2.4512,2.5909,2
100,13.036,12.9884,13.2195,436.33959,436.33951,436.34,2.62E6,1.49E5,1.151E5,2.62E6,1,DETECTED,436.33959,436.33951,436.34,13.036,12.9884,13.2195,2.62E6,1.49E5,1.151E5,2.62E6,0.0392,2.0786,3.6143,1
101,13.036,12.9884,13.1526,502.40982,502.40973,502.41013,8.468E5,4.883E4,1.154E5,8.468E5,0,DETECTED,502.40982,502.40973,502.41013,13.036,12.9884,13.1526,8.468E5,4.883E4,1.154E5,8.468E5,0.0464,1.7254,3.2774,
102,13.055,5.7124,16.354,170.0964,170.09618,170.09666,6.838E5,1.597E6,1E5,6.838E5,16,DETECTED,170.0964,170.09618,170.09666,13.055,5.7124,16.354,6.838E5,1.597E6,1E5,6.838E5,1.257,0.7247,0.2108,16
103,13.055,12.9884,13.5611,308.29459,308.29453,308.29492,2.399E6,1.9E5,1.018E5,2.399E6,2,DETECTED,308.29459,308.29453,308.29492,13.055,12.9884,13.5611,2.399E6,1.9E5,1.018E5,2.399E6,0.0587,2.0982,2.7232,2
104,13.055,13.0119,13.2648,370.33139,370.3313,370.33194,2.298E6,1.409E5,1.427E5,2.298E6,1,DETECTED,370.33139,370.3313,370.33194,13.055,13.0119,13.2648,2.298E6,1.409E5,1.427E5,2.298E6,0.0396,2.6535,2.6412,1
105,13.055,12.4959,13.2195,392.31317,392.31241,392.31351,1.374E6,7.998E4,1.034E5,1.374E6,1,DETECTED,392.31317,392.31241,392.31351,13.055,12.4959,13.2195,1.374E6,7.998E4,1.034E5,1.374E6,0.0385,0.7083,0.1753,1
106,13.055,12.9884,13.3339,458.38367,458.38351,458.38416,2.794E6,1.783E5,1.02E5,2.794E6,1,DETECTED,458.38367,458.38351,458.38416,13.055,12.9884,13.3339,2.794E6,1.783E5,1.02E5,2.794E6,0.0405,2.4626,2.7329,1
107,13.055,13.0119,13.1956,480.36579,480.36569,480.36615,1.44E6,7.864E4,1.021E5,1.44E6,0,DETECTED,480.36579,480.36569,480.36615,13.055,13.0119,13.1956,1.44E6,7.864E4,1.021E5,1.44E6,0.0399,2.017,3.0485,
108,13.055,12.3798,15.8509,526.43132,526.42999,526.43188,8.375E6,1.872E6,1.03E5,8.375E6,25,DETECTED,526.43132,526.42999,526.43188,13.055,12.3798,15.8509,8.375E6,1.872E6,1.03E5,8.375E6,0.0824,1.0089,2.4927,25
109,13.055,12.6094,13.7543,527.43462,527.43439,527.43506,2.525E6,4.035E5,1.005E5,2.525E6,0,DETECTED,527.43462,527.43439,527.43506,13.055,12.6094,13.7543,2.525E6,4.035E5,1.005E5,2.525E6,0.0795,0.9982,2.4648,
110,13.055,12.633,15.9149,531.38651,531.38623,531.38684,8.538E5,1.197E5,1.04E5,8.538E5,1,DETECTED,531.38651,531.38623,531.38684,13.055,12.633,15.9149,8.538E5,1.197E5,1.04E5,8.538E5,0.0671,3.8883,42.7643,1
111,13.0733,12.9884,13.4507,352.32078,352.32068,352.32111,1.533E6,1.433E5,1.018E5,1.533E6,1,DETECTED,352.32078,352.32068,352.32111,13.0733,12.9884,13.4507,1.533E6,1.433E5,1.018E5,1.533E6,0.047,3.0755,3.1327,1
112,13.0733,13.0119,13.1526,374.30269,374.30264,374.30283,6.089E5,4.014E4,1.997E5,6.089E5,0,DETECTED,374.30269,374.30264,374.30283,13.0733,13.0119,13.1526,6.089E5,4.014E4,1.997E5,6.089E5,0.0492,1.147,1.294,
113,13.0733,12.4959,15.8274,482.40509,482.40482,482.40561,8.779E6,2.098E6,1.19E5,8.779E6,28,DETECTED,482.40509,482.40482,482.40561,13.0733,12.4959,15.8274,8.779E6,2.098E6,1.19E5,8.779E6,0.0842,1.0955,0.9891,28
114,13.0733,12.633,15.9629,487.36027,487.35999,487.36087,1.629E6,2.991E5,1.078E5,1.629E6,2,DETECTED,487.36027,487.35999,487.36087,13.0733,12.633,15.9629,1.629E6,2.991E5,1.078E5,1.629E6,0.0869,23.5552,0.383,2
115,13.0879,12.6551,13.2412,465.37844,465.37823,465.37885,6.187E5,1.406E5,1.116E5,6.187E5,1,DETECTED,465.37844,465.37823,465.37885,13.0879,12.6551,13.2412,6.187E5,1.406E5,1.116E5,6.187E5,0.2897,0.6771,1.1275,1
116,13.0879,12.633,13.9266,483.40837,483.4082,483.40878,2.501E6,4.307E5,1.008E5,2.501E6,0,DETECTED,483.40837,483.4082,483.40878,13.0879,12.633,13.9266,2.501E6,4.307E5,1.008E5,2.501E6,0.0821,1.275,0.4914,
117,13.1105,13.055,13.2648,326.30515,326.30508,326.30545,1.118E6,7.485E4,1.174E5,1.118E6,1,DETECTED,326.30515,326.30508,326.30545,13.1105,13.055,13.2648,1.118E6,7.485E4,1.174E5,1.118E6,0.0501,1.8907,2.8759,1
118,13.1105,12.633,15.9629,399.30807,399.30786,399.30844,1.872E6,5.298E5,1.006E5,1.872E6,4,DETECTED,399.30807,399.30786,399.30844,13.1105,12.633,15.9629,1.872E6,5.298E5,1.006E5,1.872E6,0.4914,0.8539,6.0987,4
119,13.1105,12.6765,13.2912,421.35215,421.35193,421.35266,7.48E5,1.641E5,1.079E5,7.48E5,0,DETECTED,421.35215,421.35193,421.35266,13.1105,12.6765,13.2912,7.48E5,1.641E5,1.079E5,7.48E5,0.276,0.7083,2.0372,
120,13.1105,11.8554,15.8059,438.37889,438.37762,438.37943,6.3E6,1.637E6,1.02E5,6.3E6,26,DETECTED,438.37889,438.37762,438.37943,13.1105,11.8554,15.8059,6.3E6,1.637E6,1.02E5,6.3E6,0.0898,1.1357,0.5746,26
121,13.1105,12.6765,13.5611,439.38221,439.38202,439.3826,1.61E6,2.788E5,1.111E5,1.61E6,0,DETECTED,439.38221,439.38202,439.3826,13.1105,12.6765,13.5611,1.61E6,2.788E5,1.111E5,1.61E6,0.0878,1.1285,0.9051,
122,13.1105,12.6094,15.9629,443.33416,443.33398,443.33472,4.2E6,6.688E5,1.039E5,4.2E6,4,DETECTED,443.33416,443.33398,443.33472,13.1105,12.6094,15.9629,4.2E6,6.688E5,1.039E5,4.2E6,0.0537,15.2438,0.5533,4
123,13.1105,12.7009,13.2195,444.33746,444.33728,444.33768,1.057E6,1.179E5,1.235E5,1.057E6,0,DETECTED,444.33746,444.33728,444.33768,13.1105,12.7009,13.2195,1.057E6,1.179E5,1.235E5,1.057E6,0.0501,0.6332,0.2151,
124,13.1314,12.633,15.18,394.35277,394.35056,394.35373,2.984E6,6.906E5,1E5,2.984E6,6,DETECTED,394.35277,394.35056,394.35373,13.1314,12.633,15.18,2.984E6,6.906E5,1E5,2.984E6,0.3911,1.1872,2.9725,6
125,13.1314,12.7446,13.315,395.35613,395.35593,395.35654,7.151E5,1.081E5,1.024E5,7.151E5,0,DETECTED,395.35613,395.35593,395.35654,13.1314,12.7446,13.315,7.151E5,1.081E5,1.024E5,7.151E5,0.1076,0.7373,1.0092,
126,13.1526,12.8743,13.4279,424.99305,424.99268,424.99335,3.859E6,3.573E5,1.042E5,3.859E6,0,DETECTED,424.99305,424.99268,424.99335,13.1526,12.8743,13.4279,3.859E6,3.573E5,1.042E5,3.859E6,0.1594,1.1919,1.276,
127,13.1526,13.1105,13.315,637.3051,637.30438,637.30524,5.915E6,3.161E5,1.057E5,5.915E6,1,DETECTED,637.3051,637.30438,637.30524,13.1526,13.1105,13.315,5.915E6,3.161E5,1.057E5,5.915E6,0.0486,2.6602,3.5305,1
128,13.2195,12.4721,14.5143,604.38405,604.38306,604.38446,1.458E6,5.657E5,1.062E5,1.458E6,12,DETECTED,604.38405,604.38306,604.38446,13.2195,12.4721,14.5143,1.458E6,5.657E5,1.062E5,1.458E6,1.1784,0.6676,23.5848,12
129,13.3339,13.036,13.9266,256.26347,256.26303,256.26358,9.963E6,6.363E5,1.022E5,9.963E6,4,DETECTED,256.26347,256.26303,256.26358,13.3339,13.036,13.9266,9.963E6,6.363E5,1.022E5,9.963E6,0.0407,5.7399,1.7156,4
130,13.4042,13.315,13.6082,628.49903,628.49872,628.49939,8.91E5,1.253E5,1.231E5,8.91E5,2,DETECTED,628.49903,628.49872,628.49939,13.4042,13.315,13.6082,8.91E5,1.253E5,1.231E5,8.91E5,0.186,1.6431,2.1899,2
131,13.4279,12.8548,13.6351,282.27913,282.27893,282.2793,2.495E6,1.715E5,1.289E5,2.495E6,1,DETECTED,282.27913,282.27893,282.2793,13.4279,12.8548,13.6351,2.495E6,1.715E5,1.289E5,2.495E6,0.0418,0.6874,0.1822,1
132,13.4279,12.8964,13.9998,584.473,584.4726,584.47339,1.941E6,2.984E5,1.023E5,1.941E6,3,DETECTED,584.473,584.4726,584.47339,13.4279,12.8964,13.9998,1.941E6,2.984E5,1.023E5,1.941E6,0.0788,1.0671,2.5183,3
133,13.4279,13.3339,13.6082,585.47631,585.47607,585.47675,6.525E5,7.563E4,1.023E5,6.525E5,0,DETECTED,585.47631,585.47607,585.47675,13.4279,13.3339,13.6082,6.525E5,7.563E4,1.023E5,6.525E5,0.0778,1.4582,2.2993,
134,13.4507,12.8964,15.279,540.44697,540.44623,540.44757,2.797E6,5.938E5,1.009E5,2.797E6,5,DETECTED,540.44697,540.44623,540.44757,13.4507,12.8964,15.279,2.797E6,5.938E5,1.009E5,2.797E6,0.111,1.5726,3.8411,5
135,13.4507,13.3811,13.658,541.45026,541.45001,541.45062,9.076E5,1.132E5,1.489E5,9.076E5,0,DETECTED,541.45026,541.45001,541.45062,13.4507,13.3811,13.658,9.076E5,1.132E5,1.489E5,9.076E5,0.1055,1.9892,3.1417,
136,13.4729,13.0119,15.894,457.34985,457.3494,457.35013,7.373E5,1.134E5,1.055E5,7.373E5,1,DETECTED,457.34985,457.3494,457.35013,13.4729,13.0119,15.894,7.373E5,1.134E5,1.055E5,7.373E5,0.1073,3.1259,0.3921,1
137,13.4941,12.8548,15.6439,496.42078,496.42026,496.4213,4.186E6,9.005E5,1.015E5,4.186E6,13,DETECTED,496.42078,496.42026,496.4213,13.4941,12.8548,15.6439,4.186E6,9.005E5,1.015E5,4.186E6,0.1009,1.1638,2.4225,13
138,13.4941,13.4042,13.7788,497.42408,497.42392,497.42438,1.193E6,1.533E5,1.054E5,1.193E6,0,DETECTED,497.42408,497.42392,497.42438,13.4941,13.4042,13.7788,1.193E6,1.533E5,1.054E5,1.193E6,0.1014,2.236,2.8653,
139,13.5144,12.8743,15.6197,452.39461,452.39389,452.39502,3.4E6,7.698E5,1.002E5,3.4E6,11,DETECTED,452.39461,452.39389,452.39502,13.5144,12.8743,15.6197,3.4E6,7.698E5,1.002E5,3.4E6,0.1019,3.0036,2.8369,11
140,13.5144,13.4279,13.7543,453.39791,453.39774,453.39819,9.251E5,1.164E5,1.1E5,9.251E5,0,DETECTED,453.39791,453.39774,453.39819,13.5144,13.4279,13.7543,9.251E5,1.164E5,1.1E5,9.251E5,0.0977,1.8876,2.672,
141,13.5386,13.036,14.1715,408.36844,408.36771,408.36874,1.79E6,3.209E5,1.001E5,1.79E6,4,DETECTED,408.36844,408.36771,408.36874,13.5386,13.036,14.1715,1.79E6,3.209E5,1.001E5,1.79E6,0.1081,1.3337,0.5665,4
142,13.5386,13.055,15.894,413.32368,413.32309,413.32401,5.745E5,7.452E4,1.095E5,5.745E5,2,DETECTED,413.32368,413.32309,413.32401,13.5386,13.055,15.894,5.745E5,7.452E4,1.095E5,5.745E5,0.0542,2.9354,5.1979,2
143,13.6082,13.5386,13.7066,394.34719,394.34698,394.34769,5.741E5,5.967E4,2.529E5,5.741E5,1,DETECTED,394.34719,394.34698,394.34769,13.6082,13.5386,13.7066,5.741E5,5.967E4,2.529E5,5.741E5,0.1126,1.2059,1.4117,1
144,13.7788,13.658,13.9266,776.23169,776.23126,776.23187,1.436E6,1.72E5,1.218E5,1.436E6,0,DETECTED,776.23169,776.23126,776.23187,13.7788,13.658,13.9266,1.436E6,1.72E5,1.218E5,1.436E6,0.1141,1.2279,1.3259,
145,13.7788,13.6825,13.9266,777.2323,777.23199,777.23248,1.026E6,1.206E5,1.063E5,1.026E6,0,DETECTED,777.2323,777.23199,777.23248,13.7788,13.6825,13.9266,1.026E6,1.206E5,1.063E5,1.026E6,0.1161,1.2674,1.3005,
146,13.7788,13.6825,13.9023,778.23041,778.2301,778.23065,8.197E5,9.436E4,1.32E5,8.197E5,0,DETECTED,778.23041,778.2301,778.23065,13.7788,13.6825,13.9023,8.197E5,9.436E4,1.32E5,8.197E5,0.1139,1.1411,1.1168,
147,13.9753,13.6082,14.3925,663.45331,663.45306,663.45355,9.667E5,3.282E5,1.048E5,9.667E5,6,DETECTED,663.45331,663.45306,663.45355,13.9753,13.6082,14.3925,9.667E5,3.282E5,1.048E5,9.667E5,0.2846,1.0683,1.0318,6
148,14.3681,14.2692,14.5877,536.1656,536.16522,536.16577,6.342E5,9.087E4,1.02E5,6.342E5,0,DETECTED,536.1656,536.16522,536.16577,14.3681,14.2692,14.5877,6.342E5,9.087E4,1.02E5,6.342E5,0.1218,1.6111,2.6427,
149,14.3925,12.7009,15.8274,284.29487,284.29453,284.29507,3.209E6,7.304E5,1.005E5,3.209E6,2,DETECTED,284.29487,284.29453,284.29507,14.3925,12.7009,15.8274,3.209E6,7.304E5,1.005E5,3.209E6,0.1899,0.7579,3.9326,2
150,14.6392,14.5387,14.8343,306.25415,306.25397,306.25427,5.971E5,8.418E4,1.14E5,5.971E5,2,DETECTED,306.25415,306.25397,306.25427,14.6392,14.5387,14.8343,5.971E5,8.418E4,1.14E5,5.971E5,0.1129,1.4708,2.2958,2
151,14.8109,14.7608,14.957,403.23993,403.23981,403.24008,1.428E6,9.158E4,1.227E5,1.428E6,2,DETECTED,403.23993,403.23981,403.24008,14.8109,14.7608,14.957,1.428E6,9.158E4,1.227E5,1.428E6,0.0585,122.1239,1.8438,2
152,14.8109,13.731,15.7372,459.30245,459.30197,459.30267,6.509E6,5.915E5,1.006E5,6.509E6,9,DETECTED,459.30245,459.30197,459.30267,14.8109,13.731,15.7372,6.509E6,5.915E5,1.006E5,6.509E6,0.056,2.7668,2.4184,9
153,14.8109,14.7608,15.0305,460.30581,460.30566,460.306,1.971E6,1.357E5,1.145E5,1.971E6,0,DETECTED,460.30581,460.30566,460.306,14.8109,14.7608,15.0305,1.971E6,1.357E5,1.145E5,1.971E6,0.0571,2.8022,3.4629,
154,14.8109,14.7608,15.0059,476.32907,476.32892,476.32919,1.533E6,1.081E5,1.075E5,1.533E6,2,DETECTED,476.32907,476.32892,476.32919,14.8109,14.7608,15.0059,1.533E6,1.081E5,1.075E5,1.533E6,0.0592,14.1773,3.6782,2
155,15.0059,12.7446,15.8059,645.59411,645.59332,645.59467,5.921E5,1.052E6,1.011E5,5.921E5,24,DETECTED,645.59411,645.59332,645.59467,15.0059,12.7446,15.8059,5.921E5,1.052E6,1.011E5,5.921E5,2.3057,0.6769,0.3601,24
156,15.2544,13.4729,15.7136,161.08217,161.08205,161.08228,6.055E5,7.069E5,1.041E5,6.055E5,16,DETECTED,161.08217,161.08205,161.08228,15.2544,13.4729,15.7136,6.055E5,7.069E5,1.041E5,6.055E5,0.7378,0.6289,0.3285,16
157,15.5005,13.4729,15.7136,179.09275,179.09262,179.09288,5.896E5,7.606E5,1.073E5,5.896E5,16,DETECTED,179.09275,179.09262,179.09288,15.5005,13.4729,15.7136,5.896E5,7.606E5,1.073E5,5.896E5,1.5437,0.5525,0.1155,16
158,15.5005,11.5114,15.9629,338.34172,338.34134,338.34207,6.201E6,2.141E6,1.001E5,6.201E6,34,DETECTED,338.34172,338.34134,338.34207,15.5005,11.5114,15.9629,6.201E6,2.141E6,1.001E5,6.201E6,0.0631,0.6246,0.1564,34
159,15.5005,12.4721,15.8509,339.34522,339.34491,339.34546,1.511E6,3.71E5,1.021E5,1.511E6,0,DETECTED,339.34522,339.34491,339.34546,15.5005,12.4721,15.8509,1.511E6,3.71E5,1.021E5,1.511E6,0.0628,0.6039,0.1204,
160,15.5005,5.7124,16.1232,419.31561,419.315,419.31625,7.326E5,1.273E6,1.003E5,7.326E5,66,DETECTED,419.31561,419.315,419.31625,15.5005,5.7124,16.1232,7.326E5,1.273E6,1.003E5,7.326E5,3.1812,0.5318,0.2094,66
161,15.5971,10.9527,16.0565,838.57017,838.56921,838.57159,1.701E6,2.782E6,1.012E5,1.701E6,29,DETECTED,838.57017,838.56921,838.57159,15.5971,10.9527,16.0565,1.701E6,2.782E6,1.012E5,1.701E6,2.8453,0.8007,0.1067,29
162,15.5971,11.487,15.8509,839.57238,839.5697,839.57379,7.806E5,1.293E6,1.017E5,7.806E5,0,DETECTED,839.57238,839.5697,839.57379,15.5971,11.487,15.8509,7.806E5,1.293E6,1.017E5,7.806E5,2.7664,0.5309,0.0607,
163,15.7136,11.8824,15.8509,520.43625,520.43542,520.43689,2.027E6,7.791E5,1.003E5,2.027E6,5,DETECTED,520.43625,520.43542,520.43689,15.7136,11.8824,15.8509,2.027E6,7.791E5,1.003E5,2.027E6,0.2146,0.7652,0.0463,5
164,15.7136,12.6094,15.8509,521.43957,521.43939,521.43976,7.083E5,1.404E5,1.079E5,7.083E5,0,DETECTED,521.43957,521.43939,521.43976,15.7136,12.6094,15.8509,7.083E5,1.404E5,1.079E5,7.083E5,0.2184,0.5221,0.0447,
165,15.7372,11.9774,15.9853,161.10727,161.10712,161.10741,8.821E5,8.792E5,1.018E5,8.821E5,11,DETECTED,161.10727,161.10712,161.10741,15.7372,11.9774,15.9853,8.821E5,8.792E5,1.018E5,8.821E5,0.2251,0.533,0.3682,11
166,15.7372,8.6682,16.1449,175.12301,175.12283,175.12331,2.305E6,2.676E6,1.003E5,2.305E6,67,DETECTED,175.12301,175.12283,175.12331,15.7372,8.6682,16.1449,2.305E6,2.676E6,1.003E5,2.305E6,0.2218,0.5314,0.0568,67
167,15.8059,11.202,16.0769,843.52573,843.5246,843.52661,8.901E5,1.372E6,1.006E5,8.901E5,36,DETECTED,843.52573,843.5246,843.52661,15.8059,11.202,16.0769,8.901E5,1.372E6,1.006E5,8.901E5,3.0089,0.5294,0.0573,36
168,15.8739,8.7175,16.3074,153.13862,153.13844,153.13887,4.411E6,1.276E6,1.005E5,4.411E6,7,DETECTED,153.13862,153.13844,153.13887,15.8739,8.7175,16.3074,4.411E6,1.276E6,1.005E5,4.411E6,0.1045,0.5302,0.9171,7
169,15.8739,15.8274,16.0079,194.15395,194.15388,194.15411,1.165E6,8.661E4,1.134E5,1.165E6,1,DETECTED,194.15395,194.15388,194.15411,15.8739,15.8274,16.0079,1.165E6,8.661E4,1.134E5,1.165E6,0.0641,1.9039,2.3674,1
170,15.8739,15.6901,15.9629,213.14177,213.14163,213.14188,9.592E5,1.13E5,1.186E5,9.592E5,2,DETECTED,213.14177,213.14163,213.14188,15.8739,15.6901,15.9629,9.592E5,1.13E5,1.186E5,9.592E5,0.1057,0.742,0.3649,2
171,15.8739,10.9772,16.0565,839.49223,839.49133,839.49664,2.354E6,2.052E6,1.022E5,2.354E6,20,DETECTED,839.49223,839.49133,839.49664,15.8739,10.9772,16.0565,2.354E6,2.052E6,1.022E5,2.354E6,3.392,0.5669,0.0296,20
172,15.8739,11.202,16.0322,840.49539,840.49432,840.49664,1.034E6,8.245E5,1.008E5,1.034E6,0,DETECTED,840.49539,840.49432,840.49664,15.8739,11.202,16.0322,1.034E6,8.245E5,1.008E5,1.034E6,3.3855,0.5389,0.0301,
173,15.8739,11.9068,16.0322,865.50717,865.50439,865.5083,9.821E5,3.43E5,1.006E5,9.821E5,3,DETECTED,865.50717,865.50439,865.5083,15.8739,11.9068,16.0322,9.821E5,3.43E5,1.006E5,9.821E5,0.1724,0.5199,0.6349,3
174,15.9149,15.761,16.1232,150.12774,150.12758,150.12784,4.321E6,3.253E5,1.019E5,4.321E6,2,DETECTED,150.12774,150.12758,150.12784,15.9149,15.761,16.1232,4.321E6,3.253E5,1.019E5,4.321E6,0.0597,1.097,1.059,2
175,15.9149,15.8274,16.0079,151.13106,151.13097,151.13118,1.393E6,9.261E4,1.598E5,1.393E6,0,DETECTED,151.13106,151.13097,151.13118,15.9149,15.8274,16.0079,1.393E6,9.261E4,1.598E5,1.393E6,0.0568,1.0308,1.1365,
176,15.9149,11.1504,16.0322,162.12769,162.12755,162.12788,9.118E5,8.996E4,1.022E5,9.118E5,1,DETECTED,162.12769,162.12755,162.12788,15.9149,11.1504,16.0322,9.118E5,8.996E4,1.022E5,9.118E5,0.0672,0.5123,0.0206,1
177,15.9149,12.633,16.1006,164.1434,164.1433,164.14351,4.084E6,3.292E5,1.025E5,4.084E6,2,DETECTED,164.1434,164.1433,164.14351,15.9149,12.633,16.1006,4.084E6,3.292E5,1.025E5,4.084E6,0.0627,1.1546,1.2221,2
178,15.9149,11.3659,16.1006,176.14337,176.14313,176.14351,2.512E6,3.654E5,1E5,2.512E6,1,DETECTED,176.14337,176.14313,176.14351,15.9149,11.3659,16.1006,2.512E6,3.654E5,1E5,2.512E6,0.0761,0.5242,0.0202,1
179,15.9149,6.3469,16.286,178.15904,178.15883,178.15924,8.909E6,1.215E6,1.011E5,8.909E6,21,DETECTED,178.15904,178.15883,178.15924,15.9149,6.3469,16.286,8.909E6,1.215E6,1.011E5,8.909E6,0.0639,1.0762,1.2199,21
180,15.9149,15.8274,16.0079,208.16961,208.16951,208.16978,1.433E6,1.051E5,1.626E5,1.433E6,1,DETECTED,208.16961,208.16951,208.16978,15.9149,15.8274,16.0079,1.433E6,1.051E5,1.626E5,1.433E6,0.0631,1.0308,1.0744,1
181,15.9361,15.8274,16.0079,179.16232,179.16222,179.16243,1.167E6,8.757E4,1.466E5,1.167E6,0,DETECTED,179.16232,179.16222,179.16243,15.9361,15.8274,16.0079,1.167E6,8.757E4,1.466E5,1.167E6,0.0639,0.8299,0.589,
182,15.9361,15.784,16.0565,212.14342,212.14319,212.14354,1.133E6,1.016E5,1.059E5,1.133E6,1,DETECTED,212.14342,212.14319,212.14354,15.9361,15.784,16.0565,1.133E6,1.016E5,1.059E5,1.133E6,0.0708,0.7473,0.8639,1
183,15.9629,12.5418,16.0565,226.1591,226.15887,226.15923,1.313E6,1.231E5,1.114E5,1.313E6,1,DETECTED,226.1591,226.15887,226.15923,15.9629,12.5418,16.0565,1.313E6,1.231E5,1.114E5,1.313E6,0.0723,0.5138,0.5602,1
184,15.9853,10.9011,16.5911,183.00997,183.00969,183.01021,2.587E6,1.242E6,1.001E5,2.587E6,1,DETECTED,183.00997,183.00969,183.01021,15.9853,10.9011,16.5911,2.587E6,1.242E6,1.001E5,2.587E6,0.2222,0.588,1.2879,1
185,15.9853,15.6901,16.1693,207.01765,207.01744,207.01775,5.462E5,1.108E5,1.14E5,5.462E5,0,DETECTED,207.01765,207.01744,207.01775,15.9853,15.6901,16.1693,5.462E5,1.108E5,1.14E5,5.462E5,0.3061,0.8117,0.6233,
186,16.0079,0.0131,16.6178,156.99077,156.99063,156.99101,9.936E5,3.323E5,1.015E5,9.936E5,3,DETECTED,156.99077,156.99063,156.99101,16.0079,0.0131,16.6178,9.936E5,3.323E5,1.015E5,9.936E5,0.2947,0.5191,0.0369,3
187,16.0079,8.6196,16.8043,181.01448,181.01424,181.01476,5.735E6,3.449E6,1.007E5,5.735E6,23,DETECTED,181.01448,181.01424,181.01476,16.0079,8.6196,16.8043,5.735E6,3.449E6,1.007E5,5.735E6,0.2211,0.597,1.1229,23
188,16.0565,8.6908,16.9016,165.98296,165.98271,165.98318,1.207E6,1.069E6,1.011E5,1.207E6,27,DETECTED,165.98296,165.98271,165.98318,16.0565,8.6908,16.9016,1.207E6,1.069E6,1.011E5,1.207E6,0.1147,0.5549,0.1072,27
189,16.0769,15.6901,16.2601,153.9934,153.99326,153.99356,1.116E6,1.731E5,1.044E5,1.116E6,1,DETECTED,153.9934,153.99326,153.99356,16.0769,15.6901,16.2601,1.116E6,1.731E5,1.044E5,1.116E6,0.0678,0.8038,0.4085,1
190,16.0769,0.0131,16.354,172.9564,172.95619,172.95656,6.999E5,1.629E5,1.022E5,6.999E5,4,DETECTED,172.9564,172.95619,172.95656,16.0769,0.0131,16.354,6.999E5,1.629E5,1.022E5,6.999E5,15.3293,0.5086,0.1053,4
191,16.0769,16.0322,16.354,213.98297,213.9828,213.98314,1.022E6,1.119E5,1.239E5,1.022E6,2,DETECTED,213.98297,213.9828,213.98314,16.0769,16.0322,16.354,1.022E6,1.119E5,1.239E5,1.022E6,0.0749,3.5952,8.3798,2
192,16.1006,0.0073,16.9233,152.99498,152.9948,152.99507,9.226E5,2.613E5,1.013E5,9.226E5,10,DETECTED,152.99498,152.9948,152.99507,16.1006,0.0073,16.9233,9.226E5,2.613E5,1.013E5,9.226E5,16.1265,0.5256,0.1392,10
193,16.1006,0.0073,16.9966,154.9903,154.9897,154.99051,1.657E7,1.663E7,1.085E5,1.657E7,131,DETECTED,154.9903,154.9897,154.99051,16.1006,0.0073,16.9966,1.657E7,1.663E7,1.085E5,1.657E7,16.121,0.5287,0.1683,131
194,16.1006,0.0131,16.7589,155.99356,155.99336,155.99371,6.345E5,1.574E5,1.073E5,6.345E5,0,DETECTED,155.99356,155.99336,155.99371,16.1006,0.0131,16.7589,6.345E5,1.574E5,1.073E5,6.345E5,16.1283,0.5205,0.0396,
195,16.1006,0.0073,16.9966,169.97741,169.97708,169.97762,4.638E6,6.284E6,1.005E5,4.638E6,91,DETECTED,169.97741,169.97708,169.97762,16.1006,0.0073,16.9966,4.638E6,6.284E6,1.005E5,4.638E6,0.1072,0.7586,0.2276,91
196,16.1006,0.0131,16.9966,196.01696,196.01666,196.01718,2.989E6,1.272E6,1.004E5,2.989E6,35,DETECTED,196.01696,196.01666,196.01718,16.1006,0.0131,16.9966,2.989E6,1.272E6,1.004E5,2.989E6,0.0816,0.5543,0.0967,35
197,16.7346,0.0073,16.9966,171.99302,171.99274,171.99323,5.093E5,1.874E6,1.005E5,5.093E5,49,DETECTED,171.99302,171.99274,171.99323,16.7346,0.0073,16.9966,5.093E5,1.874E6,1.005E5,5.093E5,17.266,0.5078,0.0361,49
198,16.8773,0.0073,16.9966,162.99821,162.99791,162.99841,6.575E5,2.858E6,1.002E5,6.575E5,110,DETECTED,162.99821,162.99791,162.99841,16.8773,0.0073,16.9966,6.575E5,2.858E6,1.002E5,6.575E5,9.6493,0.5035,0.0075,110
